pos_X	posY	posZ	vix	viy	wi	vr	wr	Dpos_X	DposY	DposZ	rho	alpha	beta	Destination Reached
0.0	0.0	0.0	0.0	0.0	0.0	16	1	160	90	0	183.5755975068582	0.5123894603107377	-0.5123894603107377	False
1.6	0.0	0.1	16.0	0.0	1	16	1	160	90	0	182.18276537587195	0.4166951387622772	-0.3166951387622772	False
3.1920066644448415	0.15973346663492505	0.2	15.920066644448411	1.5973346663492505	1	16	1	160	90	0	180.72083517046283	0.32027849064574637	-0.12027849064574636	False
4.760113188990828	0.477604395907023	0.30000000000000004	15.681065245459866	3.1787092927209795	1	16	1	160	90	0	179.20290670575255	0.22308943894553998	0.07691056105446006	False
6.288651571591798	0.9504367265651664	0.4	15.285383826009696	4.728323306581434	1	16	1	160	90	0	177.64290966674966	0.12508214396707631	0.27491785603292374	False
7.762349161996414	1.5735060742590075	0.5	14.736975904046162	6.230693476938408	1	16	0.9204035718577602	160	90	0	176.05552294850904	0.026215934131963117	0.4737840658680369	False
9.16648126102101	2.3405869360257325	0.592040357185776	14.041320990245964	7.670808617667248	0.9204035718577602	16	0.46176443993155625	160	90	0	174.45607777862713	-0.06558401474570887	0.6576243719314848	False
10.494167301101843	3.233475383131236	0.6382168011789315	13.276860400808326	8.928884471055035	0.46176443993155625	16	0.2269392215041499	160	90	0	172.85954936040017	-0.1123670738868073	0.7505838750657389	False
11.779222341543422	4.186698097419818	0.6609107233293465	12.850550404415793	9.532227142885816	0.2269392215041499	16	0.10666070133717054	160	90	0	171.26973379176192	-0.13610852056259218	0.7970192438919387	False
13.042315980163233	5.16883579656295	0.6715767934630635	12.630936386198108	9.821376991431325	0.10666070133717054	16	0.04501396902967425	160	90	0	169.68467023448136	-0.14805403402537246	0.819630827488436	False
14.294862420551471	6.164389619653772	0.676078190366031	12.525464403882392	9.955538230908218	0.04501396902967425	16	0.013380738218327748	160	90	0	168.1023399149793	-0.15395946882011058	0.8300376591861416	False
15.542914803291666	7.165571546146916	0.6774162641878638	12.480523827401944	10.01181926493144	0.013380738218327748	16	-0.002887141712281105	160	90	0	166.5214460686838	-0.1567710058452426	0.8341872700331064	False
16.789626413822635	8.168422562084618	0.6771275500166357	12.46711610530968	10.028510159377015	-0.002887141712281105	16	-0.011287977343114486	160	90	0	164.94125672090058	-0.15799681574893354	0.8351243657655693	False
18.036627509689147	9.170913592921165	0.6759987522823243	12.470010958665105	10.024910308365467	-0.011287977343114486	16	-0.015660674802069785	160	90	0	163.36137957983144	-0.1584090466500856	0.8344077989324099	False
19.28475942046508	10.171996373365829	0.6744326848021174	12.481319107759326	10.01082780444664	-0.015660674802069785	16	-0.01797100390332318	160	90	0	161.78160925881014	-0.1584030817086922	0.8328357665108096	False
20.534457563224144	11.171123268201786	0.6726355844117851	12.496981427590661	9.991268948359565	-0.01797100390332318	16	-0.01922578450191459	160	90	0	160.20183935891987	-0.15818140940301417	0.8308169938147992	False
21.78594921835629	12.168002717851843	0.6707130059615936	12.514916551321464	9.96879449650057	-0.01922578450191459	16	-0.019940812630118154	160	90	0	158.62201497395972	-0.1578477417803859	0.8285607477419794	False
23.03935513830653	13.1624742357113	0.6687189246985817	12.534059199502401	9.94471517859457	-0.019940812630118154	16	-0.02038040821192122	160	90	0	157.0421077498282	-0.1574551992707375	0.8261741239693192	False
24.2947416219671	14.154444384779483	0.6666808838773897	12.553864836605696	9.919701490681817	-0.02038040821192122	16	-0.020680071429898472	160	90	0	155.4621029641314	-0.1570309841916897	0.8237118680690794	False
25.55214717269306	15.143853946590735	0.6646128767343998	12.574055507259647	9.894095618112518	-0.020680071429898472	16	-0.020909299899377842	160	90	0	153.88199287714767	-0.1565890176924581	0.821201894426858	False
26.811596139258786	16.130661070914698	0.6625219467444621	12.59448966565725	9.868071243239621	-0.020909299899377842	16	-0.021103766858152184	160	90	0	152.30177332123213	-0.15613641338074544	0.8186583601252075	False
28.073105695784538	17.114832620388775	0.6604115700586468	12.615095565257507	9.841715494740763	-0.021103766858152184	16	-0.021281808235753763	160	90	0	150.72144195405502	-0.155676794357496	0.8160883644161429	False
29.336689414276393	18.09633971988541	0.6582833892350715	12.635837184918532	9.81507099496637	-0.021281808235753763	16	-0.02145287208786395	160	90	0	149.1409973645724	-0.15521199322161094	0.8134953824566824	False
30.602359094297526	19.075155464075912	0.6561381020262851	12.656696800211325	9.78815744190501	-0.02145287208786395	16	-0.021621849900564927	160	90	0	147.56043861552504	-0.1547429235292296	0.8108810255555147	False
31.870125701136175	20.051253732993967	0.6539759170362286	12.677666068386483	9.760982689180532	-0.021621849900564927	16	-0.021791297462113723	160	90	0	145.9797650092938	-0.15427002661791642	0.808245943654145	False
33.13999984792511	21.024608576469394	0.6517967872900172	12.698741467889366	9.733548434754256	-0.021791297462113723	16	-0.02196257394203549	160	90	0	144.39897596802308	-0.15379350075031714	0.8055902880403344	False
34.41199204446331	21.99519389056905	0.6496005298958136	12.719921965381989	9.705853140996563	-0.02196257394203549	16	-0.02213642632071644	160	90	0	142.81807097220315	-0.1533134186406826	0.8029139485364962	False
35.68611282670507	22.962983243816772	0.6473868872637419	12.741207822417591	9.67789353247724	-0.02213642632071644	16	-0.022313289376546308	160	90	0	141.23704952916387	-0.15282978773417832	0.8002166749979203	False
36.96237282523761	23.927949780099627	0.6451555583260873	12.76259998532537	9.649665362828541	-0.022313289376546308	16	-0.022493439768818124	160	90	0	139.65591115687465	-0.15234258111660756	0.7974981394426949	False
38.240782802601004	24.89006616067826	0.6429062143492055	12.784099773633947	9.621163805786306	-0.022493439768818124	16	-0.022677075264265767	160	90	0	138.0746553755766	-0.1518517533520114	0.7947579677012169	False
39.52135367473802	25.849304525963046	0.6406385068227789	12.805708721370214	9.59238365284786	-0.022677075264265767	16	-0.022864355552831617	160	90	0	136.49328170342375	-0.15135724858261537	0.7919957554053942	False
40.804096524406454	26.805636467092544	0.6383520712674957	12.827428496684314	9.563319411294971	-0.022864355552831617	16	-0.02305542335333044	160	90	0	134.91178965417467	-0.15085900465454988	0.7892110759220456	False
42.089022610570474	27.759033002168692	0.6360465289321626	12.849260861640229	9.533965350761488	-0.02305542335333044	16	-0.023250415407499725	160	90	0	133.33017873593246	-0.15035695520088363	0.7864034841330463	False
43.37614337583398	28.709464554479258	0.6337214873914127	12.871207652635121	9.504315523105653	-0.023250415407499725	16	-0.02344946829069916	160	90	0	131.74844845041886	-0.1498510306735105	0.7835725180649231	False
44.66547045297846	29.656900931309956	0.6313765405623427	12.893270771444776	9.474363768306969	-0.02344946829069916	16	-0.02365272157088172	160	90	0	130.16659829252097	-0.14934115883298396	0.7807176993953266	False
45.95701567115591	30.601311302601466	0.6290112684052546	12.91545218177447	9.444103712915116	-0.02365272157088172	16	-0.023860319617124093	160	90	0	128.5846277499742	-0.14882726495769324	0.7778385333629478	False
47.25079106202544	31.54266417904068	0.6266252364435422	12.937753908695335	9.413528764392161	-0.023860319617124093	16	-0.024072412727411896	160	90	0	127.00253630311272	-0.1483092719065731	0.7749345083501152	False
48.546808865988204	32.480927389345524	0.624217995170801	12.960178039627595	9.382632103048412	-0.024072412727411896	16	-0.024289157920988957	160	90	0	125.42032342465198	-0.14778710010418314	0.7720050952749842	False
49.84508153860711	33.41606805658813	0.6217890793787021	12.982726726189103	9.351406672426089	-0.024289157920988957	16	-0.024510719574146078	160	90	0	123.83798857948551	-0.14726066748341526	0.7690497468621174	False
51.14562175726357	34.3480525734429	0.6193380074212875	13.005402186564575	9.31984516854767	-0.024510719574146078	16	-0.02473726999282233	160	90	0	122.25553122448491	-0.14672988940380827	0.7660678968250958	False
52.448442428086	35.27684657626473	0.6168642804220053	13.028206708224266	9.287940028218326	-0.02473726999282233	16	-0.024968989971646982	160	90	0	120.67295080830004	-0.14619467855456228	0.7630589589765675	False
53.75355669317701	36.20241491790999	0.6143673814248406	13.051142650910112	9.255683416452563	-0.024968989971646982	16	-0.025206069366717543	160	90	0	119.09024677115528	-0.14565494484676592	0.7600223262716065	False
55.060977938162374	37.124721639213114	0.6118467744881688	13.07421244985365	9.223067213031237	-0.025206069366717543	16	-0.0254487076980332	160	90	0	117.50741854464144	-0.14511059529696715	0.756957369785136	False
56.37071980008382	38.043729939029035	0.6093019037183655	13.097418619214427	9.190082998159227	-0.0254487076980332	16	-0.025697114792047282	160	90	0	115.92446555150161	-0.1445615339030147	0.7538634376213802	False
57.68279617565788	38.959402142746306	0.6067321922391608	13.120763755740583	9.156722037172706	-0.025697114792047282	16	-0.02595151147195307	160	90	0	114.34138720541156	-0.14400766151241448	0.7507398537515753	False
58.997221229923966	39.87169966916934	0.6041370410919654	13.144250542660906	9.12297526423033	-0.02595151147195307	16	-0.02621213030238323	160	90	0	112.7581829107532	-0.14344887568312792	0.7475859167750933	False
60.314009405306166	40.78058299566049	0.6015158280617271	13.167881753822002	9.088833264911488	-0.02621213030238323	16	-0.026479216394879268	160	90	0	111.17485206238165	-0.14288507053653385	0.744400898598261	False
61.63317543111492	41.686011621423965	0.5988679064222392	13.191660258087534	9.054286257634775	-0.026479216394879268	16	-0.02675302828063808	160	90	0	109.5913940453857	-0.14231613660215336	0.7411840430243926	False
62.954734333516825	42.58794402880396	0.5961926035941754	13.21558902401903	9.019324073799972	-0.02675302828063808	16	-0.027033838857622783	160	90	0	108.00780823484074	-0.14174196065367473	0.7379345642478501	False
64.27870144600283	43.486337642458615	0.5934892197084131	13.239671124860045	8.98393613654656	-0.027033838857622783	16	-0.02732193641975411	160	90	0	106.42409399555545	-0.14116242553574979	0.7346516452441628	False
65.6050924203876	44.381148786259686	0.5907570260664377	13.263909743847831	8.948111438010736	-0.02732193641975411	16	-0.0276176257767482	160	90	0	104.84025068181084	-0.14057740998098534	0.731334436047423	False
66.93392323837553	45.27233263775474	0.5879952634887629	13.288308179879193	8.911838514950533	-0.0276176257767482	16	-0.027921229474179077	160	90	0	103.25627763709207	-0.1399867884165113	0.7279820519052742	False
68.26521022373151	46.15984318001425	0.5852031405413449	13.312869853559823	8.875105422595162	-0.027921229474179077	16	-0.028233089124509947	160	90	0	101.67217419381328	-0.13939043075946575	0.7245935713008107	False
69.59897005509845	47.04363315067019	0.582379831628894	13.337598313669401	8.837899706559423	-0.028233089124509947	16	-0.02855356686112276	160	90	0	100.08793967303546	-0.13878820220068674	0.7211680338295807	False
70.93521977950626	47.923653987934884	0.5795244749427817	13.36249724407807	8.800208372646981	-0.02855356686112276	16	-0.02888304692897714	160	90	0	98.5035733841767	-0.13817996297586918	0.7177044379186509	False
72.2739768266216	48.7998557733696	0.576636170249884	13.3875704711535	8.762017854347185	-0.02888304692897714	16	-0.029221937427167166	160	90	0	96.91907462471603	-0.13756556812338358	0.7142017383732676	False
73.61525902379181	49.67218717115045	0.5737139765071673	13.412821971701987	8.723313977808456	-0.029221937427167166	16	-0.029570672220762484	160	90	0	95.3344426798904	-0.13694486722792515	0.7106588437350925	False
74.95908461194095	50.54059536355514	0.570756909285091	13.438255881491493	8.684081924046968	-0.029570672220762484	16	-0.02992971304157699	160	90	0	93.74967682238538	-0.13631770414910976	0.7070746134342007	False
76.30547226238194	51.40502598236731	0.5677639379809334	13.463876504409871	8.644306188121742	-0.02992971304157699	16	-0.03029955180014099	160	90	0	92.16477631201988	-0.13568391673408323	0.7034478547150166	False
77.65444109461367	52.26542303586491	0.5647339828009192	13.489688322317333	8.60397053497601	-0.03029955180014099	16	-0.03068071313432874	160	90	0	90.57974039542555	-0.13504333651318579	0.699777319314105	False
79.00601069517955	53.12172883102585	0.5616659114874863	13.515696005658764	8.563057951609325	-0.03068071313432874	16	-0.03107375722357264	160	90	0	88.99456830572167	-0.13439578837766186	0.6960616998651482	False
80.36020113767046	53.97388389054628	0.558558535765129	13.54190442490908	8.521550595204367	-0.03107375722357264	16	-0.03147928290177471	160	90	0	87.40925926218652	-0.13374109023837974	0.6922996260035088	False
81.71703300396378	54.821826864224924	0.5554106074749515	13.568318662933216	8.479429736786445	-0.03147928290177471	16	-0.03189793110687944	160	90	0	85.82381246992622	-0.13307905266450876	0.6884896601394603	False
83.07652740679899	55.66549443421902	0.5522208143642636	13.594944028352067	8.43667569994097	-0.03189793110687944	16	-0.03233038871069338	160	90	0	84.23822711954232	-0.13240947850109058	0.6846302928653543	False
84.43870601380065	56.5048212136244	0.5489877754931943	13.6217860700166	8.393267794053859	-0.03233038871069338	16	-0.03277739277912217	160	90	0	82.65250238680079	-0.13173216246444827	0.6807199379576426	False
85.80359107307115	57.339739637771444	0.5457100362152821	13.648850592704953	8.349184241470399	-0.03277739277912217	16	-0.033239735320810926	160	90	0	81.0666374323038	-0.13104689071442063	0.6767569269297028	False
87.17120544048832	58.170179847560284	0.542386062683201	13.676143674171705	8.3044020978884	-0.033239735320810926	16	-0.03371826859126914	160	90	0	79.48063140116724	-0.1303534404024724	0.6727395030856734	False
88.5415726088578	58.99606956408119	0.539014235824074	13.703671683694903	8.258897165209074	-0.03371826859126914	16	-0.03421391103039739	160	90	0	77.89448342270737	-0.12965157919484746	0.6686658150189215	False
89.91471673908634	59.817333953677434	0.5355928447210343	13.731441302285443	8.212643895962458	-0.03421391103039739	16	-0.034727653924140345	160	90	0	76.30819261014075	-0.12894106477010642	0.6645339094911407	False
91.29066269356086	60.63389548250744	0.5321200793286203	13.759459544745209	8.165615288300078	-0.034727653924140345	16	-0.035260568896207545	160	90	0	74.72175806030214	-0.1282216442906366	0.6603417236192568	False
92.66943607193943	61.445673759547766	0.5285940224389996	13.787733783785642	8.117782770403261	-0.035260568896207545	16	-0.03581381635406489	160	90	0	73.13517885338649	-0.12749305384808682	0.6560870762870864	False
94.0510632495842	62.252585366846446	0.5250126408035931	13.816271776447735	8.06911607298679	-0.03581381635406489	16	-0.03638865503515687	160	90	0	71.5484540527221	-0.12675501788316101	0.6517676586867541	False
95.43557141889406	63.054543675684435	0.5213737753000774	13.845081693098496	8.019583088379898	-0.03638865503515687	16	-0.036986452825546134	160	90	0	69.96158270458385	-0.12600724858087112	0.6473810238809485	False
96.82298863382593	63.851458647127856	0.5176751300175229	13.874172149318772	7.96914971443424	-0.036986452825546134	16	-0.03760869905494335	160	90	0	68.37456383805716	-0.12524944524326578	0.6429245752607886	False
98.21334385793031	64.64323661525128	0.5139142601120286	13.903552241043812	7.917779681234229	-0.03760869905494335	16	-0.03825701851033225	160	90	0	66.78739646496555	-0.12448129364282695	0.6383955537548556	False
99.6066670162676	65.42978005107733	0.5100885582609953	13.933231583372779	7.865434358260407	-0.03825701851033225	16	-0.03893318745744312	160	90	0	65.20007957987795	-0.12370246536137477	0.63379102362237	False
101.00298905162037	66.2109873050044	0.506195239515251	13.963220353527813	7.812072539270652	-0.03893318745744312	16	-0.03963915201634283	160	90	0	63.61261216021466	-0.12291261712141838	0.6291078566366695	False
102.40234198547235	66.98675232517473	0.5022313243136167	13.993529338519686	7.757650201703401	-0.03963915201634283	16	-0.04037704930801678	160	90	0	62.0249931664755	-0.12211139011976029	0.624342714433377	False
103.80475898428912	67.75696434886027	0.49819361938281503	14.024169988167703	7.702120236855324	-0.04037704930801678	16	-0.04114923187565522	160	90	0	60.43722154261983	-0.12129840937690428	0.6194920287597193	False
105.2102744317121	68.52150756350245	0.4940786961952495	14.055154474229726	7.645432146421818	-0.04114923187565522	16	-0.04195829599249479	160	90	0	58.84929621663272	-0.12047328312082602	0.6145519793160755	False
106.61892400736487	69.28026073352105	0.48988286659600006	14.086495756527713	7.587531700185954	-0.04195829599249479	16	-0.04280711460294895	160	90	0	57.261216101322496	-0.11963560223029984	0.6095184688262999	False
108.03074477307588	70.0330967883877	0.48560215513570515	14.11820765711009	7.52836054866649	-0.04280711460294895	16	-0.043698875813246274	160	90	0	55.6729800954024	-0.118784939771816	0.6043870949075212	False
109.44577526744395	70.77988236672223	0.48123226755438053	14.150304943680727	7.467855783345364	-0.043698875813246274	16	-0.044637128062048115	160	90	0	54.08458708492486	-0.11792085067594138	0.5991531182303219	False
110.86405560981926	71.52047731028568	0.4767685547481757	14.182803423753164	7.405949435634536	-0.044637128062048115	16	-0.04562583337397863	160	90	0	52.49603594515114	-0.11704287161480649	0.5938114263629822	False
112.2856276149461	72.25473410067967	0.47220597141077786	14.215720051268361	7.342567903939784	-0.04562583337397863	16	-0.04666943044793059	160	90	0	50.90732554296264	-0.11615052116370728	0.5883564925744851	False
113.71053491972182	72.98249723027388	0.4675390283659848	14.249073047757363	7.277631295942016	-0.04666943044793059	16	-0.04777290978215343	160	90	0	49.31845473994426	-0.11524330035863549	0.5827823287246203	False
115.13882312377724	73.70360249731617	0.4627617373877695	14.282882040554231	7.211052670422912	-0.04777290978215343	16	-0.04894190362316586	160	90	0	47.72942239630836	-0.11432069380074154	0.577082431188511	False
116.57053994588635	74.41787621326112	0.4578675470254529	14.317168221091036	7.142737159449518	-0.04894190362316586	16	-0.050182794292152555	160	90	0	46.140227375871305	-0.11338217151235876	0.5712497185378117	False
118.00573539858289	75.12513430798977	0.45284926759623767	14.351954526965342	7.072580947286431	-0.050182794292152555	16	-0.051502845455536406	160	90	0	44.550868552354615	-0.11242719182306044	0.565276459419298	False
119.44446198381284	75.82518131566322	0.447698983050684	14.38726585229958	7.000470076734451	-0.051502845455536406	16	-0.052910362257927	160	90	0	42.961344817361415	-0.11145520566676201	0.559154188717446	False
120.88677491300916	76.51780922029394	0.4424079468248913	14.42312929196315	6.926279046307228	-0.052910362257927	16	-0.05441488805554984	160	90	0	41.37165509048438	-0.11046566281429027	0.5528736096391815	False
122.33273235566637	77.20279613551514	0.4369664580193363	14.459574426571974	6.849869152212016	-0.05441488805554984	16	-0.056027447965600996	160	90	0	39.78179833213993	-0.10945802076840085	0.5464244787877371	False
123.78239572135755	77.87990478718997	0.4313637132227762	14.496633656911857	6.771086516748278	-0.056027447965600996	16	-0.057760852856806544	160	90	0	38.191773559916264	-0.10843175733707244	0.5397954705598487	False
125.23582998122588	78.54888076003279	0.4255876279370956	14.534342598683299	6.689759728428218	-0.057760852856806544	16	-0.059630082156584274	160	90	0	36.60157986948351	-0.1073863883172658	0.5329740162543614	False
126.69310403636787	79.20945045976933	0.41962461972143716	14.572740551419912	6.605696997365354	-0.059630082156584274	16	-0.061652770555019054	160	90	0	35.01121646147684	-0.10632149232879613	0.5259461120502333	False
128.15429114230278	79.86131872978216	0.41345934266593526	14.611871059349248	6.518682700128292	-0.061652770555019054	16	-0.06384983328282334	160	90	0	33.42068267627518	-0.10523674573565019	0.5186960884015854	False
129.6194694010242	80.50416604460125	0.4070743593376529	14.65178258721405	6.42847314819088	-0.06384983328282334	16	-0.06624627858931387	160	90	0	31.82997803932336	-0.10413197193781434	0.5112063312754672	False
131.0887223351432	81.13764518047134	0.40044973147872154	14.692529341189971	6.334791358700914	-0.06624627858931387	16	-0.06887227666061224	160	90	0	30.239102320698468	-0.103007211365953	0.5034569428446746	False
132.5621395626243	81.76137723332886	0.39356250381266034	14.734172274811197	6.237320528575156	-0.06887227666061224	16	-0.07176458524172458	160	90	0	28.648055614167248	-0.10186282168626386	0.4954253254989242	False
134.03981759596698	82.3749468135531	0.38638604528848786	14.776780333426663	6.135695802242399	-0.07176458524172458	16	-0.07496847985623056	160	90	0	27.05683844329951	-0.10069962273676343	0.4870856680252513	False
135.52186079696176	82.97789618985688	0.3788891973028648	14.820432009947897	6.0294937630378005	-0.07496847985623056	16	-0.07854041127201683	160	90	0	25.46545190574367	-0.09951910880404831	0.4784083061069131	False
137.00838252819074	83.56971807402816	0.37103515617566313	14.865217312289644	5.918218841712787	-0.07854041127201683	16	-0.0825517330858977	160	90	0	23.873897872309943	-0.09832376420759882	0.46935892038326193	False
138.4995065565242	84.1498466219609	0.36277998286707336	14.911240283334758	5.801285479327384	-0.0825517330858977	16	-0.08709404098568907	160	90	0	22.282179266389715	-0.09711754081327678	0.45989752368035014	False
139.99536878398138	84.71764605527068	0.35407057876850445	14.958622274571626	5.6779943330977005	-0.08709404098568907	16	-0.09228700378428778	160	90	0	20.690300463896254	-0.09590659568262222	0.44997717445112667	False
141.49611941063336	85.27239604995627	0.3448418783900757	15.007506266519881	5.547499946855928	-0.09228700378428778	16	-0.09829016341079289	160	90	0	19.098267878894365	-0.09470045861475483	0.43954233700483053	False
143.001925677905	85.81327263980413	0.3350128620489964	15.058062672716396	5.408765898478613	-0.09829016341079289	16	-0.10532127645023515	160	90	0	17.506090844276965	-0.09351393377288149	0.42852679582187786	False
144.51297540735996	86.33932274684155	0.32448073440397285	15.11049729454966	5.260501070374135	-0.10532127645023515	16	-0.11368587264049712	160	90	0	15.913782978438173	-0.09237030373022405	0.4168510381341969	False
146.0294816549018	86.84942940349939	0.31311214713992314	15.165062475418187	5.101066566578326	-0.11368587264049712	16	-0.12382696138165994	160	90	0	14.321364387315192	-0.09130695109100688	0.40441909823093003	False
147.55168897036546	87.34226293396263	0.30072945100175713	15.222073154636758	4.928335304632478	-0.12382696138165994	16	-0.1364129842250319	160	90	0	12.728865377664647	-0.09038571703502579	0.3911151680367829	False
149.0798820383131	87.81621013257956	0.28708815257925396	15.281930679476215	4.739471986169309	-0.1364129842250319	16	-0.15250339410679148	160	90	0	11.136333080606272	-0.08971317276548807	0.37680132534474203	False
150.61439797620494	88.26926734348768	0.2718378131685748	15.345159378918625	4.530572109081343	-0.15250339410679148	16	-0.17388541443929417	160	90	0	9.543844135220576	-0.08948340526033176	0.3613212184289066	False
152.1556444826046	88.69887088922587	0.2544492717246454	15.41246506399666	4.296035457381893	-0.17388541443929417	16	-0.2038303858749898	160	90	0	7.951531327121566	-0.09007758360953198	0.3445268553341774	False
153.70412779078617	89.1016108106181	0.2340662331371464	15.484833081815859	4.0273992139222	-0.2038303858749898	16	-0.2490334832010015	160	90	0	6.359647003596121	-0.09232812813949555	0.32639436127664195	False
155.2604979322063	89.47270646256771	0.20916288481704623	15.563701414201214	3.7109565194961722	-0.2490334832010015	14.306231681583625	-0.32561831091201	160	90	0	4.768743893861209	-0.09836348279039682	0.30752636760744306	False
156.6599407785263	89.76976263428482	0.17660105372584523	13.994428463200098	2.9705617171710164	-0.32561831091201	10.043955576748901	-0.435654137989802	160	90	0	3.347985192249634	-0.10777780285824151	0.28437885658408674	False
157.64871449041587	89.94621937956016	0.133035639926865	9.887737118895744	1.7645674527534052	-0.435654137989802	7.05570146225279	-0.516530539185891	160	90	0	2.3519004874175966	-0.1101667690886444	0.2432024090155094	False
158.3480500798795	90.03980871951896	0.08138258600827591	6.993355894636258	0.935893399588038	-0.516530539185891	4.957288518396191	-0.5635197395153706	160	90	0	1.6524295061320637	-0.10547594131196683	0.18685852732024275	False
158.84213820043155	90.08010789662693	0.02503061205673885	4.940881205520404	0.4029917710796806	-0.5635197395153706	3.48188899852038	-0.5741469649766853	160	90	0	1.1606296661734599	-0.0941065973941221	0.11913720945086095	False
159.1902180303146	90.08882236785323	-0.03238408444092968	3.480798298830581	0.08714471226293037	-0.5741469649766853	2.4439161735065844	-0.548204773026486	160	90	0	0.8146387245021948	-0.07686594559462945	0.044481861153699766	True
159.43448150858538	90.0809093523509	-0.08720456174357828	2.442634782707613	-0.07913015502321924	-0.548204773026486	16	-9.753741056737766	160	-90	0	180.08179731536933	-1.480451417557292	1.3932468558137137	False
161.0284016545026	89.94155882870926	-1.062578667417355	15.939201459172287	-1.393505236416437	-9.753741056737766	16	-4.9344311702456825	160	-90	0	179.94449756430126	-0.5139327952491769	-0.5486458721681781	False
161.8069951654019	88.54377767817621	-1.5560217844419233	7.785935108993023	-13.977811505330504	-4.9344311702456825	16	-2.4958497664658856	160	-90	0	178.55292150822348	-0.024894936892769354	-1.531126847549154	False
161.83063357315152	86.943952304681	-1.8056067610885118	0.23638407749602613	-15.998253734952023	-2.4958497664658856	16	-1.2493878705026844	160	-90	0	176.95342177104231	0.22446496478924363	-2.0300717258777556	False
161.4583797716126	85.38785876403513	-1.9305455481387803	-3.722538015388996	-15.560935406458821	-1.2493878705026844	16	-0.611495739514202	160	-90	0	175.39392199671968	0.3514342434913798	-2.2819797916301603	False
160.89511654080846	83.89028254466461	-1.9916951220902006	-5.6326323080414875	-14.975762193705108	-0.611495739514202	16	-0.2851595779069913	160	-90	0	173.89258637758226	0.4157512469582015	-2.4074463690484023	False
160.2413869915418	82.42992721926754	-2.0202110798809	-6.537295492666578	-14.603553253970803	-0.2851595779069913	16	-0.11822015689317844	160	-90	0	172.43009617964486	0.4480148404504879	-2.468225920331388	False
159.5462854303217	80.9888048026806	-2.0320330955702177	-6.951015612201035	-14.411224165869376	-0.11822015689317844	16	-0.03276309736207095	160	-90	0	170.98940676182238	0.46389023784511624	-2.495923333415334	False
158.8341958672782	79.55600040074553	-2.0353094053064247	-7.12089563043496	-14.328044019350733	-0.03276309736207095	16	0.011061785835422722	160	-90	0	169.5600081716603	0.4713885990453938	-2.5066980043518186	False
158.11741582347526	78.12553671060661	-2.0342032267228825	-7.167800438029285	-14.304636901389255	0.011061785835422722	16	0.03362065891481958	160	-90	0	168.13607648988136	0.4746039229229452	-2.5088071496458277	False
157.4022185661853	76.69428100907562	-2.0308411608314003	-7.151972572899465	-14.312557015309801	0.03362065891481958	16	0.04531817320171028	160	-90	0	166.71452183151456	0.47562767914597087	-2.506468839977371	False
156.69183731791378	75.2606288608527	-2.026309343511229	-7.103812482715226	-14.3365214822292	0.04531817320171028	16	0.05146925074911435	160	-90	0	165.29373669868934	0.4755281947716859	-2.501837538282915	False
155.98796039170813	73.82377212730016	-2.021162418436318	-7.038769262056464	-14.368567335525457	0.05146925074911435	16	0.054788973933457275	160	-90	0	163.87289213239654	0.4748511694750667	-2.4960135879113845	False
155.29148814992595	72.3833116396689	-2.0156835210429724	-6.964722417821889	-14.404604876312616	0.054788973933457275	16	0.05666450031718773	160	-90	0	162.45156195896706	0.47387535105871476	-2.489558872101687	False
154.60291845730595	70.93905689122415	-2.0100170710112537	-6.885696926200033	-14.442547484447452	0.05666450031718773	16	0.05780468121702187	160	-90	0	161.02952686453247	0.4727431211898312	-2.482760192201085	False
153.92254357275013	69.49092360438014	-2.0042366028895513	-6.8037488455581645	-14.481332868440182	0.05780468121702187	16	0.058571846458803645	160	-90	0	159.6066733843023	0.47152719242971247	-2.475763795319264	False
153.25055089680524	68.03888164786633	-1.998379418243671	-6.719926759448849	-14.52041956513803	0.058571846458803645	16	0.059151274263218756	160	-90	0	158.1829421135696	0.47026467717365	-2.468644095417321	False
152.58707457694743	66.58292863592264	-1.992464290817349	-6.634763198578207	-14.55953011943697	0.059151274263218756	16	0.05963776548454369	160	-90	0	156.75830122685747	0.46897449257085655	-2.4614387833882057	False
151.93222196152462	65.12307657078937	-1.9865005142688947	-6.548526154228188	-14.59852065133277	0.05963776548454369	16	0.060079877706929796	160	-90	0	155.3327329549863	0.46766625370927256	-2.454166767978167	False
151.28608717141964	63.65934509506849	-1.9804925264982018	-6.461347901049675	-14.637314757208747	0.060079877706929796	16	0.06050253029801267	160	-90	0	153.90622668309894	0.4663448184685101	-2.446837344966712	False
150.64875807059423	62.19175809006978	-1.9744422734684006	-6.373291008254144	-14.675870049987049	0.06050253029801267	16	0.06091855859944184	160	-90	0	152.47877542847922	0.46501261058492965	-2.43945488405333	False
150.0203198531799	60.720341967114386	-1.9683504176084565	-6.284382174143329	-14.714161229553982	0.06091855859944184	16	0.06133462089969344	160	-90	0	151.0503740429554	0.46367080727882737	-2.4320212248872837	False
149.4008568961129	59.24512481536288	-1.9622169555184872	-6.19462957066979	-14.752171517515087	0.06133462089969344	16	0.0617542190130429	160	-90	0	149.62101829519113	0.46231994650627284	-2.42453690202476	False
148.79045372265222	57.766135983143684	-1.9560415336171828	-6.104031734607024	-14.789888322191969	0.0617542190130429	16	0.06217924328348001	160	-90	0	148.1907044019054	0.4609602374937314	-2.417001771110914	False
148.18919551024695	56.28340587890515	-1.9498236092888348	-6.012582124052685	-14.827301042385365	0.06217924328348001	16	0.06261076310080105	160	-90	0	146.75942878816227	0.45959171954370054	-2.4094153288325355	False
147.59716836508133	54.79696588368603	-1.9435625329787547	-5.9202714516563	-14.864399952191256	0.06261076310080105	16	0.06304943155903553	160	-90	0	145.3271879645563	0.45821434323494886	-2.4017768762137037	False
147.01445947736352	53.306848320480135	-1.9372575898228512	-5.827088877178109	-14.90117563205894	0.06304943155903553	16	0.06349569274495392	160	-90	0	143.89397846405575	0.4568280119198817	-2.394085601742733	False
146.44115721590455	51.8130864529102	-1.9309080205483558	-5.733022614589758	-14.937618675699364	0.06349569274495392	16	0.06394988805441493	160	-90	0	142.45979680929076	0.45543260290414594	-2.3863406234525018	False
145.87735119205405	50.31571449929617	-1.9245130317429142	-5.638060238504993	-14.973719536140278	0.06394988805441493	16	0.06441231084800103	160	-90	0	141.0246394953753	0.4540279782249803	-2.3785410099678943	False
145.32313230844997	48.814767655115254	-1.9180718006581141	-5.542188836040757	-15.009468441809164	0.06441231084800103	16	0.06488323467651025	160	-90	0	139.58850298064985	0.45261399010210485	-2.370685790760219	False
144.7785928005432	47.31028212034642	-1.9115834771904632	-5.445395079067704	-15.0448553476883	0.06488323467651025	16	0.06536292798933507	160	-90	0	138.15138368145577	0.4511904836576969	-2.36277396084816	False
144.2438262750123	45.80229512996103	-1.9050471843915298	-5.347665255309114	-15.079869903853936	0.06536292798933507	16	0.06585166193646286	160	-90	0	136.71327796895602	0.44975729823442423	-2.354804482625954	False
143.71892774721076	44.29084498671721	-1.8984620181978835	-5.248985278015595	-15.114501432438171	0.06585166193646286	16	0.06634971464999806	160	-90	0	135.27418216698655	0.44831426799181895	-2.3467762861897024	False
143.20399367877795	42.7759710958711	-1.8918270467328837	-5.149340684328011	-15.148738908461137	0.06634971464999806	16	0.06685737374039435	160	-90	0	133.83409255041903	0.4468612221291876	-2.338688268862071	False
142.6991220160276	41.257714001650335	-1.8851413093588443	-5.048716627503664	-15.182570942207649	0.06685737374039435	16	0.06737493789767424	160	-90	0	132.39300534376932	0.4453979849132217	-2.330539294272066	False
142.20441222946314	39.73611542545576	-1.8784038155690768	-4.9470978656443405	-15.215985761945797	0.06737493789767424	16	0.06790271805533754	160	-90	0	130.95091671991474	0.44392437560137726	-2.322328191170454	False
141.71996535463708	38.211218305820715	-1.871613543763543	-4.844468748260691	-15.248971196350444	0.06790271805533754	16	0.06844103835312643	160	-90	0	129.50782279885058	0.4424402083074525	-2.3140537520709956	False
141.2458840345035	36.683066840192915	-1.8647694399282304	-4.74081320133585	-15.281514656278013	0.06844103835312643	16	0.06899023702173634	160	-90	0	128.06371964644816	0.4409452918329357	-2.305714731761166	False
140.78227256338303	35.151706528624956	-1.8578704162260569	-4.636114711204644	-15.313603115679598	0.06899023702173634	16	0.06955066725445613	160	-90	0	126.61860327319664	0.43943942947592946	-2.2973098457019865	False
140.3292369326446	33.61718421947418	-1.8509153495006112	-4.530356307384473	-15.34522309150772	0.06955066725445613	16	0.07012269810137894	160	-90	0	125.17246963291669	0.4379224188234301	-2.2888377683240413	False
139.88688487820463	32.07954815722383	-1.8439030796904734	-4.423520544399523	-15.376360622503471	0.07012269810137894	16	0.07070671540691587	160	-90	0	123.72531462144084	0.4363940515296348	-2.280297131220108	False
139.45532592994573	30.538848032547502	-1.8368324081497818	-4.3155894825890915	-15.407001246763318	0.07070671540691587	16	0.07130312280383588	160	-90	0	122.27713407525687	0.43485411308130906	-2.271686521231091	False
139.03467146315953	28.995135034748753	-1.8297020958693981	-4.20654466786214	-15.437129977987508	0.07130312280383588	16	0.0719123427736843	160	-90	0	120.82792377011097	0.4333023825504279	-2.263004478419826	False
138.62503475212523	27.448461906717817	-1.8225108615920298	-4.096367110343081	-15.466731280309343	0.0719123427736843	16	0.0725348177817251	160	-90	0	119.37767941956989	0.4317386323338107	-2.2542494939258404	False
138.22653102594106	25.89888300255794	-1.8152573798138574	-3.9850372618417635	-15.495789041598776	0.0725348177817251	16	0.07317101149428584	160	-90	0	117.92639667353923	0.43016262787924187	-2.2454200076930992	False
137.8392775267339	24.346454348045338	-1.8079402786644287	-3.8725349920716043	-15.524286545126026	0.07317101149428584	16	0.07382141008631349	160	-90	0	116.47407111673714	0.42857412739737794	-2.2365144060618065	False
137.46339357038076	22.791233704099177	-1.8005581376557973	-3.7588395635314713	-15.552206439461589	0.07382141008631349	16	0.07448652364760022	160	-90	0	115.02069826712177	0.426972881558661	-2.2275310192144584	False
137.09900060988485	21.233280633451336	-1.7931094852910372	-3.643929604959027	-15.579530706478394	0.07448652364760022	16	0.07516688769673374	160	-90	0	113.56627357427114	0.4253586331743522	-2.218468118465389	False
136.74622230155936	19.67265657072034	-1.7855927965213638	-3.5277830832548567	-15.606240627309989	0.07516688769673374	16	0.07586306481264016	160	-90	0	112.11079241771355	0.42373111686072096	-2.209323913382085	False
136.40518457418256	18.109424896109797	-1.7780064900400998	-3.4103772737679066	-15.632316746105403	0.07586306481264016	16	0.07657564639478798	160	-90	0	110.65425010520833	0.422090058685375	-2.2000965487254747	False
136.07601570130024	16.543651012969136	-1.770348925400621	-3.2916887288232486	-15.657738831406595	0.07657564639478798	16	0.0773052545640387	160	-90	0	109.19664187097416	0.42043517579461076	-2.1907841011952316	False
135.75884637686397	14.975402429473315	-1.762618399944217	-3.171693244362541	-15.682485834958214	0.0773052545640387	16	0.07805254421762742	160	-90	0	107.73796287386519	0.4187661760206081	-2.181384575964825	False
135.45380979440836	13.404748844699194	-1.7548131455224543	-3.050365824556175	-15.706535847741211	0.07805254421762742	16	0.07881820525317362	160	-90	0	106.27820819549228	0.41708275746720846	-2.1718959029896627	False
135.16104172998502	11.831762239399003	-1.746931324997137	-2.9276806442333205	-15.7298660530019	0.07881820525317362	16	0.07960296497823727	160	-90	0	104.81737283828971	0.41538460807291433	-2.1623159330700514	False
134.88068062908883	10.25651697179644	-1.7389710284993132	-2.803611008961998	-15.752452676025632	0.07960296497823727	16	0.08040759072395653	160	-90	0	103.35545172352516	0.413671405149681	-2.152642433648994	False
134.61286769782924	8.679089878758493	-1.7309302694269175	-2.678129312595888	-15.774270930379467	0.08040759072395653	16	0.08123289268331435	160	-90	0	101.8924396892528	0.41194281489595236	-2.14287308432287	False
134.3577469986205	7.099560382726446	-1.7228069801585861	-2.5512069920872698	-15.795294960320463	0.08123289268331435	16	0.08207972699711474	160	-90	0	100.42833148820851	0.4101984918823068	-2.133005472040893	False
134.11546555068588	5.518010604822919	-1.7145990074588746	-2.422814479346372	-15.81549777903527	0.08207972699711474	16	0.08294899911340936	160	-90	0	98.96312178564698	0.40843807850795705	-2.1230370859668315	False
133.88617343569527	3.9345254845887156	-1.7063041075475336	-2.2929211499061783	-15.834851202342033	0.08294899911340936	16	0.08384166744934562	160	-90	0	97.49680515712006	0.40666120442625325	-2.112965311973787	False
133.67002390888246	2.349192906844033	-1.6979199408025991	-2.1614952681280677	-15.853325777446825	0.08384166744934562	16	0.0847587473878515	160	-90	0	96.02937608619726	0.4048674859371924	-2.1027874267397917	False
133.46717351601674	0.7621038362137096	-1.689444066063814	-2.0285039286571807	-15.870890706303234	0.0847587473878515	16	0.08570131564578576	160	-90	0	94.56082896212789	0.40305652534484715	-2.092500591408661	False
133.27778221663604	-0.8266475400937634	-1.6808739344992354	-1.893912993807015	-15.887513763074729	0.08570131564578576	16	0.08667051505470935	160	-90	0	93.09115807744685	0.4012279102774711	-2.0821018447767066	False
133.10201351398408	-2.416963660608187	-1.6722068829937644	-1.7576870265196542	-15.903161205144231	0.08667051505470935	16	0.08766755980094354	160	-90	0	91.62035762552514	0.399381212967937	-2.0715880959617015	False
132.94003459213297	-4.008743428313491	-1.66344012701367	-1.619789218511047	-15.917797677053047	0.08766755980094354	16	0.08869374117745021	160	-90	0	90.14842169806734	0.39751598949199307	-2.060956116505663	False
132.79201646081606	-5.60188203898158	-1.654570752895925	-1.4801813131690957	-15.931386106680893	0.08869374117745021	16	0.08975043390745885	160	-90	0	88.67534428255965	0.39563177896174556	-2.0502025318576704	False
132.6581341085435	-7.196270798271473	-1.6455957095051792	-1.3388235227257281	-15.943887592898925	0.08975043390745885	16	0.09083910310763921	160	-90	0	87.20111925967225	0.39372810267160124	-2.0393238121767805	False
132.5385666646264	-8.791796926655188	-1.6365117991944154	-1.195674439171184	-15.95526128383715	0.09083910310763921	16	0.09196131196827739	160	-90	0	85.72574040062167	0.3918044631938309	-2.0283162623882465	False
132.43349757079446	-10.388343351135646	-1.6273156679975875	-1.0506909383193526	-15.965464244804584	0.09196131196827739	16	0.09311873023863582	160	-90	0	84.2492013645	0.3898603434207719	-2.0171760114183597	False
132.34311476315793	-11.98578848261395	-1.618003794973724	-0.9038280763654203	-15.974451314783039	0.09311873023863582	16	0.09431314361858689	160	-90	0	82.77149569557933	0.38789520555064194	-2.0058990005243658	False
132.26761086533784	-13.584005977642075	-1.6085724806118653	-0.7550389782008301	-15.98217495028125	0.09431314361858689	16	0.09554646417234647	160	-90	0	81.2926168206029	0.3859084900138684	-1.9944809706257338	False
132.2071833936715	-15.182864483160312	-1.5990178341946306	-0.6042747166634381	-15.988585055182378	0.09554646417234647	16	0.09682074189744139	160	-90	0	79.81255804607544	0.38389961433682884	-1.9829174485314596	False
132.1620349754913	-16.782227362664468	-1.5893357600048865	-0.4514841818018907	-15.993628795041564	0.09682074189744139	16	0.09813817760242216	160	-90	0	78.33131255556955	0.3818679719399618	-1.9712037319448483	False
132.1323735815793	-18.38195240207318	-1.5795219422446443	-0.29661393912009915	-15.997250394087093	0.09813817760242216	16	0.09950113727072907	160	-90	0	76.84887340706807	0.37981293086733775	-1.959334873111982	False
132.11841277401547	-19.981891493367645	-1.5695718285175713	-0.13960807563832622	-15.999390912944673	0.09950113727072907	16	0.10091216811616999	160	-90	0	75.36523353036681	0.37773383244500414	-1.9473056609625754	False
132.12037197076958	-21.581890293850968	-1.5594806117059543	0.019591967541185067	-15.999988004833249	0.10091216811616999	16	0.10237401656900724	160	-90	0	73.8803857245676	0.3756299898658367	-1.935110601571791	False
132.13847672853427	-23.181787858617625	-1.5492432100490536	0.18104757764686705	-15.998975647666578	0.10237401656900724	16	0.10388964847094284	160	-90	0	72.3943226556973	0.3735006866991574	-1.9227438967482111	False
132.17295904546515	-24.781416243530533	-1.5388542452019593	0.3448231693088821	-15.996283849129078	0.10388964847094284	16	0.10546227180467938	160	-90	0	70.90703685449692	0.37134517532424904	-1.9101994205262085	False
132.22405768568478	-26.38060007566732	-1.5283080180214914	0.5109864021964841	-15.991838321367881	0.10546227180467938	16	0.10709536233983519	160	-90	0	69.41852071443434	0.3691626752880111	-1.8974706933095025	False
132.29201852762424	-27.97915608781168	-1.517598481787508	0.6796084193944189	-15.985560121443608	0.10709536233983519	16	0.10879269264467695	160	-90	0	67.9287664900044	0.36695237158860594	-1.8845508533761137	False
132.37709493852412	-29.57689261312128	-1.5067192125230402	0.8507641089988455	-15.977365253096	0.10879269264467695	16	0.11055836499442373	160	-90	0	66.43776629539548	0.3647134128890745	-1.8714326254121147	False
132.4795481777014	-31.173609035590243	-1.4956633760235978	1.0245323917727749	-15.967164224689629	0.11055836499442373	16	0.11239684880538947	160	-90	0	64.9455121036169	0.36244490966781323	-1.858108285691411	False
132.59964783151358	-32.76909519132905	-1.4844236911430588	1.2009965381220011	-15.954861557388048	0.11239684880538947	16	0.11431302334354809	160	-90	0	63.451995746203565	0.36014593231663633	-1.844569623459695	False
132.73767228332832	-34.36313071499257	-1.472992388808704	1.3802445181474425	-15.940355236635222	0.11431302334354809	16	0.11631222660202623	160	-90	0	61.9572089136382	0.35781550920232036	-1.8308078980110243	False
132.89390922223967	-35.9554843248794	-1.4613611661485013	1.5623693891133448	-15.923536098868292	0.11631222660202623	16	0.1184003114204768	160	-90	0	60.46114315666336	0.3554526247143429	-1.8168137908628443	False
133.06865619477585	-37.54591303927984	-1.4495211350064536	1.747469725361932	-15.904287144004396	0.1184003114204768	16	0.12058371013927882	160	-90	0	58.96378988869337	0.3530562173306091	-1.8025773523370627	False
133.2622212044285	-39.134161315538364	-1.4374627639925257	1.935650096526382	-15.882482762585244	0.12058371013927882	16	0.12286950935352348	160	-90	0	57.46514038958391	0.3506251777449711	-1.7880879417374969	False
133.47492336451592	-40.71996010198453	-1.4251758130571734	2.1270216008742944	-15.857987864461688	0.12286950935352348	16	0.12526553667038165	160	-90	0	55.96518581107632	0.3481583471163295	-1.7733341601735029	False
133.70709361069478	-42.303025791332026	-1.4126492593901352	2.321702461788634	-15.830656893474908	0.12526553667038165	16	0.1277804617969851	160	-90	0	54.46391718430749	0.34565451552033666	-1.758303774910472	False
133.95907548037556	-43.8830590622957	-1.3998712132104367	2.519818696807799	-15.800332709636777	0.1277804617969851	16	0.1304239148189157	160	-90	0	52.961325429868964	0.3431124207130109	-1.7429836339234477	False
134.23122596741132	-45.45974359396531	-1.3868288217285452	2.7215048703576104	-15.766845316696038	0.1304239148189157	16	0.13320662520440774	160	-90	0	51.457401371016886	0.3405307473534193	-1.7273595690819645	False
134.52391646175016	-47.03274463481801	-1.3735081592081044	2.926904943388457	-15.730010408527015	0.13320662520440774	16	0.13614058592962763	160	-90	0	49.95213575078292	0.3379081268833514	-1.711416286091456	False
134.83753378531748	-48.60170740504504	-1.3598941006151417	3.136173235673116	-15.6896277022703	0.13614058592962763	16	0.13923924822446176	160	-90	0	48.445519253926285	0.33524313833033453	-1.6951372389454762	False
135.172481337282	-50.166255306974854	-1.3459701757926956	3.3494755196452175	-15.645479019298111	0.13923924822446176	16	0.14251775386554622	160	-90	0	46.937542534912495	0.3325343103930138	-1.6785044861857095	False
135.529180364134	-51.725987913623456	-1.331718400406141	3.566990268520002	-15.597326066486	0.14251775386554622	16	0.14599321380288233	160	-90	0	45.428196253419344	0.3297801252941683	-1.6614985257003094	False
135.90807137275817	-53.28047869956712	-1.317119079025853	3.78891008624182	-15.54490785943664	0.14599321380288233	16	0.14968504434928764	160	-90	0	43.917471119283015	0.3269790250597026	-1.6440981040855556	False
136.30961570803967	-54.82927247112076	-1.302150574590924	4.015443352814914	-15.487937715536388	0.14968504434928764	16	0.15361537539873016	160	-90	0	42.40535794933732	0.32412942112078713	-1.6262799957117111	False
136.73429732065492	-56.37188244383146	-1.286789037051051	4.246816126152513	-15.42609972710701	0.15361537539873016	16	0.15780954946944048	160	-90	0	40.891847739313214	0.32122970846861804	-1.608018745519669	False
137.1826247557751	-57.907786904049786	-1.271008082104107	4.483274351201843	-15.35904460218329	0.15780954946944048	16	0.1622967362169767	160	-90	0	39.376931754920236	0.3182782860574057	-1.5892863681615128	False
137.65513339971685	-59.436425377136324	-1.2547784084824094	4.725086439417404	-15.286384730865365	0.1622967362169767	16	0.16711069504865916	160	-90	0	37.860601647514905	0.3152735858111189	-1.5700519942935283	False
138.1523880294715	-60.957194206770716	-1.2380673389775434	4.972546297546595	-15.207688296343914	0.16711069504865916	16	0.1722907295015621	160	-90	0	36.34284960151051	0.3122141135335195	-1.5502814525110629	False
138.67498572000972	-62.46944142658768	-1.220838266027387	5.225976905382158	-15.122472198169595	0.1722907295015621	16	0.17788289246945688	160	-90	0	34.82366852308753	0.30909850638623654	-1.5299367724136237	False
139.223559176943	-63.972460775215055	-1.2030499767804415	5.485734569332836	-15.030193486273777	0.17788289246945688	16	0.18394152321773705	160	-90	0	33.30305228311224	0.30592561359821524	-1.5089755903786566	False
139.79878057842103	-65.46548466627696	-1.1846558244586678	5.752214014780306	-14.930238910619114	0.18394152321773705	16	0.1905312285395131	160	-90	0	31.780996031897264	0.30269461003500225	-1.48735043449367	False
140.4013660312892	-66.947675872563	-1.1656027016047166	6.025854528681758	-14.821912062860363	0.1905312285395131	16	0.19772946627171573	160	-90	0	30.257496610194316	0.29940515671981394	-1.4650078583245305	False
141.03208077426535	-68.41811761333089	-1.145829754977545	6.307147429761476	-14.704417407679	0.19772946627171573	16	0.20562995750712298	160	-90	0	28.732553090632436	0.2960576292266831	-1.441887384204228	False
141.69174529769558	-69.87580163825795	-1.1252667592268326	6.596645234302288	-14.576840249270653	0.20562995750712298	16	0.21434725689726353	160	-90	0	27.206167498330107	0.29265344549807887	-1.4179202047249115	False
142.38124259890256	-71.31961376995248	-1.1038320335371063	6.894973012069725	-14.438121316945296	0.21434725689726353	16	0.22402296959115553	160	-90	0	25.678345781270163	0.2891955415225869	-1.3930275750596932	False
143.10152685951664	-72.74831618260237	-1.0814297365779908	7.202842606140901	-14.287024126498888	0.22402296959115553	16	0.2348343547263343	160	-90	0	24.149099134648825	0.28568907070666466	-1.3671188072846554	False
143.85363392437188	-74.1605254316143	-1.0579463011053574	7.521070648552295	-14.122092490119343	0.2348343547263343	16	0.24700646248724567	160	-90	0	22.618445836324216	0.28214244833004337	-1.3400887494354008	False
144.63869409259357	-75.55468486735748	-1.033245654856633	7.8506016822169045	-13.941594357431761	0.24700646248724567	16	0.26082962972343715	160	-90	0	21.086413835981443	0.27856894030898255	-1.3118145951656155	False
145.45794791916634	-76.92902949940792	-1.007162691884289	8.192538265727865	-13.743446320504354	0.26082962972343715	16	0.2766853242105429	160	-90	0	19.553044482868327	0.27498913262107333	-1.2821518245053625	False
146.31276599947608	-78.281540515842	-0.9794941594632348	8.548180803097521	-13.525110164340807	0.2766853242105429	16	0.29508540222145463	160	-90	0	18.01839802165968	0.27143486791020105	-1.250929027373436	False
147.20467411902808	-79.60988531531133	-0.9499856192410894	8.919081195520015	-13.283447994693294	0.29508540222145463	16	0.3167336909804974	160	-90	0	16.482561923476993	0.2679557107449433	-1.2179413299860327	False
148.13538577812568	-80.91133673876892	-0.9183122501430396	9.307116590976062	-13.014514234575877	0.3167336909804974	16	0.3426262822703281	160	-90	0	14.945663936739432	0.2646299473053673	-1.182942197448407	False
149.10684508962547	-82.18266156197515	-0.8840496219160068	9.714593114997884	-12.71324823206232	0.3426262822703281	16	0.37422226093926136	160	-90	0	13.407893352650069	0.2615841067405033	-1.1456337286565101	False
150.121284653179	-83.41996199917595	-0.8466273958220807	10.144395635535364	-12.37300437200808	0.37422226093926136	16	0.41375015938955406	160	-90	0	11.869537353907498	0.2590294235573346	-1.1056568193794152	False
151.18130570764737	-84.61844243876759	-0.8052523798831253	10.60021054468369	-11.984804395916385	0.41375015938955406	16	0.4647948179052819	160	-90	0	10.331046936628969	0.25733436734307225	-1.0625867472261974	False
152.2899925713214	-85.77205131456415	-0.7587728980925971	11.08686863674036	-11.536088757965715	0.4647948179052819	16	0.533515854192478	160	-90	0	8.793165791508663	0.2571808002048267	-1.0159536982974238	False
153.4510819179241	-86.87290168096534	-0.7054213126733493	11.610893466027303	-11.008503664011949	0.533515854192478	16	0.6314548222130596	160	-90	0	7.257208274719017	0.2599364294189359	-0.9653577420922852	False
154.6692234528206	-87.91026911874233	-0.6422758304520433	12.181415348964938	-10.373674377769982	0.6314548222130596	16	0.7829683165888282	160	-90	0	5.725744820723299	0.26867416342567585	-0.9109499938777191	False
155.9503987588975	-88.8687000422307	-0.5639789987931605	12.811753060769	-9.584309234883657	0.7829683165888282	12.61396005453826	1	160	-90	0	4.2046533515127535	0.29156309756801746	-0.855542096361178	False
157.01644844529991	-89.54298332742782	-0.4639789987931605	10.660496864023985	-6.742832851971168	1	9.055053675548205	1	160	-90	0	3.018351225182735	0.3119817164826641	-0.7759607152758246	False
157.82622282544293	-89.94820601180591	-0.36397899879316054	8.097743801430136	-4.052226843780942	1	6.523182382590964	1	160	-90	0	2.1743941275303214	0.3401567824371956	-0.7041357812303561	False
158.43580620854735	-90.18042828250451	-0.26397899879316056	6.095833831044242	-2.3222227069860457	1	4.723696565309719	1	160	-90	0	1.5745655217699064	0.3788205152051792	-0.6427995139983398	False
158.89181270029073	-90.30368075468694	-0.16397899879316055	4.560064917433841	-1.2325247218242463	1	3.4471306659361503	1	160	-90	0	1.1490435553120502	0.43144670094039916	-0.5954256997335597	False
159.23190162827612	-90.3599534775828	-0.06397899879316055	3.4008892798540113	-0.5627272289586404	1	2.544773964818795	1	160	-90	0	0.8482579882729315	0.5022166778486595	-0.5661956766418201	True
159.48585837466612	-90.37622358155278	0.03602100120683946	2.539567463900144	-0.16270103969968697	1	16	1	-160	-90	0	319.48607989328826	3.1043940622086614	-3.068373061001822	False
161.08482047687482	-90.31860244220005	0.13602100120683946	15.989621022087087	0.576211393527322	1	16	1	-160	-90	0	321.0849785464638	3.0045793839313903	-2.868558382724551	False
162.67004191348153	-90.10163931878373	0.23602100120683947	15.852214366067072	2.1696312341632433	1	16	1	-160	-90	0	322.67005792139906	2.9052566577995727	-2.669235656592733	False
164.2256836758962	-89.72750203511451	0.3360210012068395	15.556417624146706	3.7413728366921397	1	16	1	-160	-90	0	324.2257981873792	2.8064121098619377	-2.470391108655098	False
165.73620230585558	-89.19992884725748	0.4360210012068395	15.10518629959385	5.275731878570241	1	16	1	-160	-90	0	325.7371848691683	2.7080278409741263	-2.272006839767287	False
167.1865052005202	-88.5241910921132	0.5360210012068395	14.503028946646193	6.757377551442767	1	16	1	-160	-90	0	327.18983357870803	2.610082226247816	-2.0740612250409765	False
168.56210141277296	-87.70704051796187	0.6360210012068395	13.755962122527631	8.171505741513318	1	16	1	-160	-90	0	328.5701023342866	2.512550309533054	-1.8765293083262145	False
169.8492464399727	-86.75664182322633	0.7360210012068394	12.871450271997297	9.50398694735534	1	16	1	-160	-90	0	329.865191781856	2.415404185547354	-1.6793831843405145	False
171.03507955448117	-85.68249107750435	0.8360210012068394	11.858331145084946	10.74150745721979	1	16	1	-160	-90	0	331.0632338072857	2.318613364284194	-1.4825923630773545	False
172.10775230380258	-84.49532083998015	0.9360210012068394	10.726727493214028	11.871702375241988	1	16	1	-160	-90	0	332.1533691428384	2.2221451141731494	-1.2861241129663101	False
173.05654689640414	-83.20699292324078	1.0360210012068394	9.487945926015602	12.883279167393834	1	16	1	-160	-90	0	333.12581463420327	2.1259647820860166	-1.0899437808791772	False
173.87198329034638	-81.83037987396568	1.1360210012068395	8.15436393942237	13.766130492750971	1	16	1	-160	-90	0	333.9719208544829	2.030036089673009	-0.8940150884661695	False
174.54591391472846	-80.37923635469545	1.2360210012068396	6.739306243820773	14.511435192702283	1	16	1	-160	-90	0	334.6842207367412	1.9343214066728094	-0.6983004054659698	False
175.0716050775234	-78.86806171179036	1.3360210012068396	5.256911627949383	15.111746429050832	1	16	1	-160	-90	0	335.2564698544687	1.8387820027841133	-0.5027610015772737	False
175.44380424640295	-77.31195510275441	1.4360210012068397	3.7219916887954723	15.561066090359537	1	16	1	-160	-90	0	335.6836789160498	1.7433782804354876	-0.30735727922864786	False
175.65879253030434	-75.72646463044461	1.5360210012068398	2.149882839013994	15.854904723097933	1	16	1	-160	-90	0	335.9621389604011	1.64806999136921	-0.11204899016237024	False
175.71442183736053	-74.12743199156682	1.63602100120684	0.5562930705618708	15.990326388777836	1	16	1	-160	-90	0	336.0894396507805	1.5528164403876261	0.08320456081921379	False
175.61013633792402	-72.5308341916788	1.73602100120684	-1.042854994365266	15.965977998880225	1	16	1	-160	-90	0	336.06448096577924	1.45757667991961	0.27844432128723007	False
175.34697801823293	-70.95262390823196	1.83602100120684	-2.6315831969107344	15.78210283446845	1	16	1	-160	-90	0	335.88747848340887	1.3623096992683126	0.4737113019385275	False
174.9275762692291	-69.40857009669153	1.9360210012068402	-4.194017490038421	15.440538115404262	1	16	1	-160	-90	0	335.55996234807736	1.2669746125129746	0.6690463886938656	False
174.35612161455273	-67.9141004323461	2.0360210012068403	-5.714546546763506	14.944696643454268	1	16	1	-160	-90	0	335.08476990283833	1.1715308490651035	0.8644901521417367	False
173.6383238402156	-66.48414716207583	2.1360210012068404	-7.177977743371272	14.299532702702793	1	16	1	-160	-90	0	334.4660318621361	1.0759383508247633	1.060082650382077	False
172.78135494430649	-65.13299790627752	2.2360210012068404	-8.569688959091254	13.511492557982981	1	16	1	-160	-90	0	333.70915179493903	0.98015777974215	1.2558632214646903	False
171.79377747675704	-63.87415290168458	2.3360210012068405	-9.87577467549454	12.588450045929433	1	16	1	-160	-90	0	332.82077858646437	0.8841507393532113	1.4518702618536292	False
170.6854589851733	-62.72019011146405	2.4360210012068406	-11.083184915837368	11.539627902205297	1	16	1	-160	-90	0	331.8087714509509	0.7878800135107078	1.6481409876961328	False
169.4674734215618	-61.68263955036643	2.5360210012068407	-12.179855636114993	10.375505610976164	1	16	1	-160	-90	0	330.6821569810231	0.6913098250539974	1.8447111761528432	False
168.15199049506165	-60.7718680806296	2.636021001206841	-13.154829265001544	9.107714697368323	1	16	1	-160	-90	0	329.45107764487153	0.5944061165289253	2.0416148846779154	False
166.75215407623358	-59.996975829718146	2.736021001206841	-13.998364188280618	7.748922509114586	1	16	1	-160	-90	0	328.1267310854469	0.4971368542588335	2.238884146948007	False
165.28195086785013	-59.365705264857844	2.836021001206841	-14.702032083834387	6.312705648603005	1	16	1	-160	-90	0	326.7212995418481	0.3994723560552326	2.4365486451516083	False
163.7560706543849	-58.88436383286248	2.936021001206841	-15.258802134652159	4.813414319953637	1	16	1	-160	-90	0	325.24786870885526	0.3013856416227081	2.634635359584133	False
162.1897595265419	-58.55776093821023	3.036021001206841	-15.66311127842987	3.2660289465225234	1	16	1	-160	-90	0	323.72033538378406	0.2028528032463233	2.833168197960518	False
160.59866754735694	-58.38915988906389	3.1360210012068412	-15.910919791849727	1.68601049146339	1	16	1	-160	-90	0	322.15330332880313	0.10385339265376123	3.03216760855308	False
158.9986923819409	-58.380245291374436	-3.047164305972745	-15.999751654160246	0.08914597689452473	1	16	-4.542336141695318	-160	-90	0	320.5619669100217	0.004370818040584509	-3.0515351240133293	False
157.4058204532652	-58.53110621685521	2.7817873870373093	-15.928719286757126	-1.5086092548077323	-4.542336141695318	16	1	-160	-90	0	318.961982269902	0.4586263573516304	2.323161029685679	False
155.90827580445193	-57.96775905496412	2.8817873870373094	-14.975446488132677	5.6334716189109075	1	16	1	-160	-90	0	317.5281140020558	0.3608571756269941	2.5209302114103154	False
154.36197176926302	-57.556731281257136	2.9817873870373095	-15.463040351889012	4.1102777370698655	1	16	1	-160	-90	0	316.03166768508424	0.262644725702977	2.7191426613343324	False
152.78235850647795	-57.302129749381415	3.0817873870373096	-15.796132627850833	2.546015318757201	1	16	1	-160	-90	0	314.4868113479502	0.16396566153814401	2.9178217254991656	False
151.1852189896677	-57.206498353683386	-3.1013979201422766	-15.9713951681024	0.9563139569802859	1	16	-4.1939864324581615	-160	-90	0	312.90837998985336	0.06480031849081601	-3.141592653589793	False
149.58651130894015	-57.27079261145733	2.7623887437914934	-15.987076807275612	-0.6429425777394151	-4.1939864324581615	16	1	-160	-90	0	311.311755320487	0.4845317727033853	2.277856971088108	False
148.1001759050656	-56.67850292963841	2.8623887437914934	-14.863354038745234	5.9228968181892	1	16	1	-160	-90	0	309.89682244215163	0.3869366739203472	2.4754520698711464	False
146.56213568462962	-56.23755817082933	2.9623887437914935	-15.38040220435993	4.409447588090849	1	16	1	-160	-90	0	308.4157024436165	0.2888943100625194	2.6734944337289743	False
144.98775823710625	-55.95236410930314	3.0623887437914936	-15.743774475233685	2.8519406152618787	1	16	1	-160	-90	0	306.88234583344973	0.19037966176705767	2.872009082024436	False
143.39277422153117	-55.82577030984999	-3.1207965633880925	-15.949840155750831	1.2659379945314406	1	16	-3.9814182574159047	-160	-90	0	305.31140402014483	0.09137134037109813	-3.141592653589793	False
141.7931201909564	-55.859041655867685	2.764246918049903	-15.9965403057479	-0.33271346017689446	-3.9814182574159047	16	1	-160	-90	0	303.7181134394997	0.48999384476266034	2.274253073287243	False
140.30568677629225	-55.26951486517828	2.8642469180499033	-14.874334146641486	5.895267906894062	1	16	1	-160	-90	0	302.30731401651633	0.3924846661064283	2.471762251943475	False
138.76682985940835	-54.83142881271991	2.9642469180499034	-15.388569168839078	4.380860524583656	1	16	1	-160	-90	0	300.82959798463224	0.29451896377270037	2.669727954277203	False
137.19192518993972	-54.549160709516755	3.0642469180499035	-15.749046694686292	2.8226810320315674	1	16	1	-160	-90	0	299.2988513250634	0.19607074882086137	2.868176169229042	False
135.59670869474942	-54.425530885150586	-3.1189383891296827	-15.95216495190289	1.2362982436617167	1	16	-3.9354474170985485	-160	-90	0	297.72967108431084	0.09711769541076765	-3.141592653589793	False
133.99711924974895	-54.46177460795988	2.770702176340049	-15.995894450004736	-0.3624372280929404	-3.9354474170985485	16	1	-160	-90	0	296.1372512723898	0.49118632990275973	2.279515846437289	False
132.50591130464665	-53.88186180032084	2.870702176340049	-14.912079451022949	5.799128076390373	1	16	1	-160	-90	0	294.72737920860516	0.3937469216539714	2.4769552546860774	False
130.96425851103032	-53.45371852531238	2.970702176340049	-15.41652793616329	4.281432750084586	1	16	1	-160	-90	0	293.25045681209224	0.29584015804626096	2.674862018293788	False
129.3875645540111	-53.181622649013036	3.070702176340049	-15.76693957019209	2.7209587629934595	1	16	1	-160	-90	0	291.72033770250164	0.1974391894417325	2.8732629868983164	False
127.79158323842182	-53.06829286347585	-3.112483130839537	-15.95981315589282	1.1332978553718869	1	16	-3.924221937868356	-160	-90	0	290.1515920599014	0.09852088031454169	-3.141592653589793	False
126.19226108200655	-53.11486152245606	2.7782799825532134	-15.993221564152686	-0.4656865898021013	-3.924221937868356	16	1	-160	-90	0	288.559393788764	0.49148846799793594	2.2867915145552775	False
124.69670152680631	-52.54626534163064	2.8782799825532135	-14.95559555200241	5.6859618082542305	1	16	1	-160	-90	0	287.14977642356433	0.3941181157886147	2.4841618667645986	False
123.15184864053657	-52.129816593542614	2.9782799825532136	-15.44852886269731	4.164487480880227	1	16	1	-160	-90	0	285.67310020334793	0.2962687942189127	2.6820111883343007	False
121.57313808257649	-51.869676296423236	3.0782799825532137	-15.787105579600842	2.6014029711938056	1	16	1	-160	-90	0	284.1431922031729	0.19791277508671742	2.880367207466496	False
119.97634380696886	-51.76844368613037	-3.1049053246263725	-15.967942756076287	1.0123261029287112	1	16	-3.9201801812240182	-160	-90	0	282.57460075119735	0.0990260998950839	-3.141592653589793	False
118.37742045428554	-51.827130245443	2.7862619644308118	-15.989233526833125	-0.5868655931263318	-3.9201801812240182	16	1	-160	-90	0	280.98248380295956	0.49160708173638024	2.2946548826944317	False
116.87737006518542	-51.270489580237374	2.886261964430812	-15.000503891001264	5.56640665205624	1	16	1	-160	-90	0	279.57298337208505	0.3943085950475475	2.4919533693832645	False
115.32924234045183	-50.866384955280914	2.986261964430812	-15.481277247335896	4.041046249564571	1	16	1	-160	-90	0	278.0964428291658	0.29651888003432203	2.68974308439649	False
113.74850566056732	-50.61885405040696	3.086261964430812	-15.80736679884503	2.4753090487395464	1	16	1	-160	-90	0	276.5666628639411	0.19820928143264982	2.888052682998162	False
112.15095422391524	-50.53037011259417	-3.096923342748774	-15.975514366520855	0.884839378127901	1	16	-3.917549214769284	-160	-90	0	274.9981701183417	0.09935497070192574	-3.141592653589793	False
110.5525502363703	-50.60181724410027	2.794507042953884	-15.984039875449355	-0.7144713150609913	-3.917549214769284	16	1	-160	-90	0	273.4061068152483	0.49169037135430793	2.302816671599576	False
109.04796134069059	-50.05756339248564	2.894507042953884	-15.045888956796956	5.4425385161462465	1	16	1	-160	-90	0	271.9966980382796	0.39446756561040874	2.500039477343475	False
107.49655440092835	-49.666236793265064	2.994507042953884	-15.51406939762246	3.9132659922057784	1	16	1	-160	-90	0	270.5202747869109	0.29674061981560307	2.697766423138281	False
105.9138305623987	-49.43174745246257	3.094507042953884	-15.827238385296443	2.3448934080249453	1	16	1	-160	-90	0	268.99061024342257	0.1984798923338536	2.8960271506200304	False
104.31560387851731	-49.35643831005958	-3.088678264225702	-15.98226683881397	0.753091424029833	1	16	-3.9151119734913293	-160	-90	0	267.42220842800106	0.09965962586167003	-3.141592653589793	False
102.717843302006	-49.44106183011311	2.8029958456047512	-15.97760576511309	-0.8462352005352619	-3.9151119734913293	16	1	-160	-90	0	265.8301951523305	0.49176967011350153	2.3112261754912495	False
101.20868860811424	-48.90959959259806	2.9029958456047513	-15.091546938917517	5.314622375150401	1	16	1	-160	-90	0	264.42087665313306	0.3946268558966304	2.5083689897081207	False
99.65401571065317	-48.53145652192243	3.0029958456047514	-15.546728974610716	3.7814307067563253	1	16	1	-160	-90	0	262.94457205438056	0.2969662940465991	2.7060295515581525	False
98.06935838730767	-48.310410898650915	3.1029958456047515	-15.846573233454947	2.2104562327151442	1	16	1	-160	-90	0	261.415025539612	0.1987572900893489	2.9042385555154024	False
96.47055001023456	-48.24867133758328	-3.0801894615748346	-15.988083770731174	0.6173956106763578	1	16	-3.912604246683778	-160	-90	0	259.84671725390217	0.09997309171261398	-3.141592653589793	False
94.87356534424175	-48.346854720005325	2.811735420936374	-15.969846659928098	-0.9818338242204556	-3.912604246683778	16	1	-160	-90	0	258.2547556638635	0.49185186177474877	2.319883559161625	False
93.35982358960142	-47.82860198218487	2.911735420936374	-15.137417546403368	5.182527378204524	1	16	1	-160	-90	0	256.84553143889997	0.3947937683273736	2.5169416526090003	False
91.80190529707583	-47.46406036067349	3.011735420936374	-15.57918292525591	3.6454162151138116	1	16	1	-160	-90	0	255.3693514739738	0.2972035685608696	2.7145318523755044	False
90.21537667126458	-47.25687223485188	3.111735420936374	-15.865286258112489	2.0718812582160724	1	16	1	-160	-90	0	253.83992927412066	0.19904944167500577	2.912685979261368	False
88.61608978176014	-47.20910775998597	-3.071449886243212	-15.99286889504439	0.47764474865912626	1	16	-3.909960446298016	-160	-90	0	252.2717196934066	0.10030356676083416	-3.141592653589793	False
87.02002417450848	-47.32124418291978	2.8207393763065727	-15.960656072516601	-1.1213642293380637	-3.909960446298016	16	1	-160	-90	0	250.67981279167398	0.4919387404401488	2.3288006358664237	False
85.50167751842187	-46.81664193168558	2.9207393763065728	-15.183466560866073	5.046022512341952	1	16	1	-160	-90	0	249.2706883659117	0.39497053751966504	2.5257688387869077	False
83.94054010449135	-46.4661423242303	3.020739376306573	-15.611374139305273	3.5049960745528033	1	16	1	-160	-90	0	247.7946405203412	0.2974550554409886	2.7232843208655844	False
82.35221030171347	-46.27324743677186	3.120739376306573	-15.883298027778729	1.9289488745843861	1	16	1	-160	-90	0	246.26535023801407	0.19935926584312647	2.9213801104634465	False
80.75255817644558	-46.23988461126318	-3.062445930873013	-15.9965212526789	0.3336282550868452	1	16	-3.907155400265164	-160	-90	0	244.6972455246245	0.10065419751494072	-3.141592653589793	False
79.15756692394865	-46.36638719802845	2.8300238362800565	-15.949912524969207	-1.2650258676526887	-3.907155400265164	16	1	-160	-90	0	243.10539686139293	0.4920310759279297	2.337992760352127	False
77.63460081694534	-45.87590352152211	2.9300238362800566	-15.229661070033135	4.904836765063357	1	16	1	-160	-90	0	241.6963785319734	0.39515842288561687	2.5348654133944395	False
76.07027653566466	-45.53991313029689	3.0300238362800567	-15.643242812806816	3.35990391225224	1	16	1	-160	-90	0	240.22047120944282	0.29772243303919776	2.732301403240859	False
74.48022429122831	-45.36177312927824	3.1300238362800568	-15.900522444363506	1.7814000101864693	1	16	1	-160	-90	0	238.69132133746874	0.19968878044812086	2.930335055831936	False
72.8803313600613	-45.34326343447109	-3.0531614708995294	-15.998929311670036	0.18509694807146868	1	16	-3.9041709591911826	-160	-90	0	237.12332836533608	0.10102725264918838	-3.141592653589793	False
71.28658334347757	-45.484568988627466	2.8396067403609386	-15.937480165837258	-1.4130555415637498	-3.9041709591911826	16	1	-160	-90	0	235.53154190644543	0.4921294745877346	2.347477265773204	False
69.75898697840297	-45.0087020477597	2.9396067403609387	-15.275963650746075	4.758669408677666	1	16	1	-160	-90	0	234.12263664321145	0.3953585825664002	2.5442481577945384	False
68.19151480971406	-44.687717623860834	3.039606740360939	-15.674721686889095	3.2098442389886612	1	16	1	-160	-90	0	232.64687912217292	0.29800733219993886	2.741599408161	False
66.59982850118298	-44.52482288719112	3.139606740360939	-15.916863085310828	1.6289473666971193	1	16	1	-160	-90	0	231.1178790362331	0.20003999990257926	2.9395667404583596	False
64.99983165626303	-44.52164542811352	-3.0435785668186472	-15.99996844919955	0.031774590775949386	1	16	-3.90098873730281	-160	-90	0	229.55000540168356	0.10142503038523501	-3.141592653589793	False
63.40751091454	-44.67821699474882	2.849507866630658	-15.923207417230262	-1.5657156663529745	-3.90098873730281	16	1	-160	-90	0	227.95828554322253	0.4922345691163584	2.3572732975142996	False
61.87527788405965	-44.217498056235314	2.949507866630658	-15.322330304803462	4.607189385135091	1	16	1	-160	-90	0	226.5495010375426	0.39557227479648016	2.5539355918341777	False
60.30470449080943	-43.91204885192388	3.049507866630658	-15.705733932502202	3.0544920431143554	1	16	1	-160	-90	0	225.0739035557217	0.2983115479632329	2.751196318667425	False
58.71148338497215	-43.764921329295916	-3.133677440548928	-15.932211058372776	1.4712752262796505	1	16	-3.1090677342247823	-160	-90	0	223.54506360942338	0.20041515576998842	-3.141592653589793	False
57.11153350518846	-43.77758553792363	2.83860109320818	-15.999498797836868	-0.1266420862771155	-3.1090677342247823	16	1	-160	-90	0	221.97731771439743	0.5127568596750897	2.32584423353309	False
55.58441646671641	-43.300182615008026	2.93860109320818	-15.27117038472049	4.774029229156	1	16	1	-160	-90	0	220.58448170051815	0.4163152783226635	2.5222858148855165	False
54.01726788765783	-42.97762202976135	3.03860109320818	-15.671485790585786	3.2256058524667575	1	16	1	-160	-90	0	219.12210062901798	0.319268107273835	2.7193329859343454	False
52.42574619858423	-42.81312670092703	3.1386010932081803	-15.915216890736014	1.6449532883432016	1	16	1	-160	-90	0	217.60353549464241	0.2215759522513475	2.9170251409568326	False
50.8257533581257	-42.80834021145585	-3.044584213971406	-15.99992840458526	0.04786489471178428	1	16	-3.726760696413174	-160	-90	0	216.04293793739	0.12320353549643945	-3.141592653589793	False
49.2332759658568	-42.963310386368406	2.865925023566863	-15.924773922689049	-1.5497017491255665	-3.726760696413174	16	1	-160	-90	0	214.45515601452323	0.4967964745086854	2.3691285490581775	False
47.69368606143576	-42.52780731381344	2.965925023566863	-15.395899044210383	4.355030725549686	1	16	1	-160	-90	0	213.04993853137032	0.4003758249368808	2.565549198629982	False
46.11830993402348	-42.248182463023184	3.065925023566863	-15.753761274122846	2.7962485079025607	1	16	1	-160	-90	0	211.57739427486783	0.303323323468567	2.7626017000982963	False
44.52288822113494	-42.12722975307505	-3.117260283612723	-15.954217128885398	1.209527099481339	1	16	-3.067600717921368	-160	-90	0	210.05097937745902	0.20559853280791524	-3.141592653589793	False
42.923361849149025	-42.16615770346519	2.8591649517747264	-15.995263719859148	-0.38927950390140253	-3.067600717921368	16	1	-160	-90	0	208.48493291605135	0.5139253611359401	2.345239590638786	False
41.38675113273623	-41.72025692279156	2.9591649517747265	-15.36610716412798	4.459007806736246	1	16	1	-160	-90	0	207.09311220656252	0.41772346328336746	2.541441488491359	False
39.81330127107451	-41.429988886596206	3.0591649517747266	-15.734498616617211	2.902680361953598	1	16	1	-160	-90	0	205.63171288592952	0.3208800300267016	2.7382849217480247	False
38.21873365506821	-41.29825385714692	-3.1240203554048596	-15.94567616006294	1.317350294492869	1	16	-2.925569856750946	-160	-90	0	204.11400355973078	0.22335239045421798	-3.141592653589793	False
36.618980677242504	-41.32636808731215	2.866607966099632	-15.997529778257068	-0.281142301652325	-2.925569856750946	16	1	-160	-90	0	202.55405699745853	0.5176590332529841	2.348948932846648	False
35.07909370831362	-40.891916567665795	2.966607966099632	-15.398869689288805	4.344515196463528	1	16	1	-160	-90	0	201.16524714884056	0.4215948901825613	2.545013075917071	False
33.50352698059833	-40.61336767336441	3.066607966099632	-15.755667277152918	2.785488943013907	1	16	1	-160	-90	0	199.70642054400113	0.32487343830264853	2.7417345277969836	False
31.90802303602684	-40.493504572883815	-3.116577341079954	-15.955039445714885	1.1986310048059174	1	16	-2.8927868827443035	-160	-90	0	198.19077272938637	0.2274502622050483	-3.141592653589793	False
30.30852362260983	-40.53352489870255	2.877329277825202	-15.99499413417011	-0.40020325818736435	-2.8927868827443035	16	1	-160	-90	0	196.63231250830754	0.5185638010373368	2.358765476787865	False
28.7640673542237	-40.11560764009411	2.977329277825202	-15.444562683861287	4.179172586084411	1	16	1	-160	-90	0	195.2442719396063	0.4226254587558054	2.5547038190693967	False
27.18560482628719	-39.85396657317174	3.077329277825202	-15.784625279365113	2.6164106692237477	1	16	1	-160	-90	0	193.78615874883204	0.32601193059807887	2.7513173472271233	False
25.588907514609097	-39.75121592898908	-3.105856029354384	-15.96697311678093	1.0275064418265811	1	16	-2.8829724453485257	-160	-90	0	192.27111819792702	0.22867706687952052	-3.141592653589793	False
23.989929090929753	-39.808382358017965	2.88903203329035	-15.989784236793458	-0.5716642902888485	-2.8829724453485257	16	1	-160	-90	0	190.71311566959488	0.5188761364860149	2.370155896804335	False
22.440687909596257	-39.40856769838128	2.98903203329035	-15.492411813334954	3.9981465963668197	1	16	1	-160	-90	0	189.32537502209254	0.4230670672837828	2.5659649660065673	False
20.859271617652162	-39.16541648704606	3.08903203329035	-15.814162919440957	2.431512113352235	1	16	1	-160	-90	0	187.86758903813922	0.32656365655455744	2.7624683767357925	False
19.261481203939844	-39.08135821054085	-3.094153273889236	-15.97790413712316	0.8405827650520783	1	16	-2.8778456159394867	-160	-90	0	186.35285542516846	0.22931792055565037	-3.141592653589793	False
17.66328126211383	-39.15723275137852	2.9012474716964016	-15.98199941826013	-0.7587454083767632	-2.8778456159394867	16	1	-160	-90	0	184.79509866421907	0.5190706165957325	2.3821768551006692	False
16.109271875964577	-38.77637211051363	3.0012474716964017	-15.540093861492535	3.808606408648975	1	16	1	-160	-90	0	183.40756716897747	0.4233982455390933	2.5778492261573085	False
14.525003444821078	-38.552556252983116	3.101247471696402	-15.842684311434985	2.2381585753051105	1	16	1	-160	-90	0	181.95003791018365	0.3270112099916898	2.774236261704712	False
12.926305455157802	-38.48802147285175	-3.0819378354831843	-15.986979896632748	0.645347801313659	1	16	-2.87351251946715	-160	-90	0	180.43555927297677	0.22985955761469248	-3.141592653589793	False
